,AProve,irankfinder v1.3.2,Ultimate Automizer,muval_dt_eager_nu_parallel_from_c,muval_dt_lazy_parallel_thr_from_c,AProve result,irankfinder v1.3.2 result,Ultimate Automizer result,muval_dt_eager_nu_parallel_from_c result,muval_dt_lazy_parallel_thr_from_c result
C_Integer/Ton_Chanh_15/2Nested_false-termination.c,6.90200305,3.161198139,7.463213205,55.13772798,301.0625081,NO,NO,NO,NO,MAYBE
C_Integer/Ton_Chanh_15/Bangalore_false-termination.c,2.704286814,2.779384136,5.519804001,0.5799310207,0.5762040615,NO,NO,NO,NO,NO
C_Integer/Ton_Chanh_15/Bangalore_v2_false-termination.c,3.352085114,2.812111855,5.530305147,0.5831739903,0.5869889259,NO,NO,NO,NO,NO
C_Integer/Ton_Chanh_15/Bangalore_v3_false-termination.c,3.195559025,2.844432116,5.627720118,0.5456049442,0.5523509979,NO,NO,NO,NO,NO
C_Integer/Ton_Chanh_15/Bangalore_v4_true-termination.c,2.351361036,2.347280979,8.985266924,0.7208800316,0.7149689198,YES,YES,MAYBE,YES,YES
C_Integer/Ton_Chanh_15/Benghazi_nondet_true-termination.c,3.732827902,6.3107059,11.87955999,13.45866203,13.90193796,YES,YES,YES,YES,YES
C_Integer/Ton_Chanh_15/Cairo_nondet_false-termination.c,3.420310974,4.333198071,7.591447115,301.0626869,301.018662,NO,NO,NO,MAYBE,MAYBE
C_Integer/Ton_Chanh_15/Cairo_step2_false-termination.c,3.206154108,3.066895962,6.027185917,201.5449719,1.566839933,NO,NO,MAYBE,NO,NO
C_Integer/Ton_Chanh_15/Copenhagen_disj_true-termination.c,6.503553152,11.23332,15.46172404,301.0742741,301.0743101,YES,YES,YES,MAYBE,MAYBE
C_Integer/Ton_Chanh_15/Gothenburg_v2_true-termination.c,301.0625639,4.885614157,10.88406205,0.8617188931,0.8604938984,TIMEOUT,YES,YES,YES,YES
C_Integer/Ton_Chanh_15/Hanoi_2vars_false-termination.c,10.97784185,3.231855154,6.349661827,285.577004,301.0545521,NO,NO,NO,NO,MAYBE
C_Integer/Ton_Chanh_15/Hanoi_3vars_false-termination.c,9.469672918,4.450309992,6.848741055,301.047714,301.051868,NO,NO,NO,MAYBE,MAYBE
C_Integer/Ton_Chanh_15/Hanoi_plus_false-termination.c,11.56034613,4.469032049,33.27725101,301.0646398,301.0668099,NO,NO,MAYBE,MAYBE,MAYBE
C_Integer/Ton_Chanh_15/McCarthy91_Iteration_true-termination.c,2.430557013,3.498736143,13.93902397,0.8633770943,0.8712749481,YES,YES,YES,YES,YES
C_Integer/Ton_Chanh_15/Mysore_false-termination.c,3.239952087,3.653156996,6.434993982,301.076129,301.0745561,NO,NO,NO,MAYBE,MAYBE
C_Integer/Ton_Chanh_15/Singapore_plus_false-termination.c,5.219481945,4.065883875,6.194682121,301.0756841,301.074764,NO,NO,NO,MAYBE,MAYBE
C_Integer/Ton_Chanh_15/Singapore_true-termination.c,301.0590341,24.13184309,7.348281145,1.160326958,1.144785881,TIMEOUT,YES,YES,YES,YES
C_Integer/Ton_Chanh_15/Singapore_v1_false-termination.c,301.0443079,4.208105087,6.366430044,301.041749,301.069623,TIMEOUT,NO,NO,MAYBE,MAYBE
C_Integer/Ton_Chanh_15/Singapore_v2_false-termination.c,301.0401659,4.170787096,6.652481079,301.03807,301.026531,TIMEOUT,NO,NO,MAYBE,MAYBE
C_Integer/Stroeder_15/2Nested_true-termination.c,2.444888115,2.698617935,6.596779108,0.8813328743,0.8797721863,YES,YES,YES,YES,YES
C_Integer/Stroeder_15/4NestedWith3Variables_true-termination.c,4.246268034,57.00391006,19.81545401,301.071475,301.085799,YES,YES,YES,MAYBE,MAYBE
C_Integer/Stroeder_15/aaron2_true-termination.c,2.25027895,5.430531979,7.136914968,0.9993460178,1.001574993,YES,YES,YES,YES,YES
C_Integer/Stroeder_15/aaron3_true-termination.c,9.314919949,299.071398,95.47651815,2.557121992,2.4135499,YES,MAYBE,MAYBE,YES,YES
C_Integer/Stroeder_15/AliasDarteFeautrierGonnord-SAS2010-complex_true-termination.c,3.375365019,7.751987219,8.056176901,90.36774492,96.68004107,YES,YES,YES,YES,YES
C_Integer/Stroeder_15/AliasDarteFeautrierGonnord-SAS2010-counterex1a_true-termination.c,5.637518883,263.8314281,11.86941814,301.084074,301.0925729,YES,YES,YES,MAYBE,MAYBE
C_Integer/Stroeder_15/AliasDarteFeautrierGonnord-SAS2010-counterex1b_true-termination.c,3.253122091,49.421664,8.440982819,301.0697391,301.074177,YES,YES,YES,MAYBE,MAYBE
C_Integer/Stroeder_15/AliasDarteFeautrierGonnord-SAS2010-cousot9_true-termination.c,2.426574945,4.466340065,7.419219017,1.039733171,1.018142939,YES,YES,YES,YES,YES
C_Integer/Stroeder_15/AliasDarteFeautrierGonnord-SAS2010-exmini_true-termination.c,2.120808125,3.736602068,18.51555514,8.904332876,10.85971999,YES,YES,YES,YES,YES
C_Integer/Stroeder_15/AliasDarteFeautrierGonnord-SAS2010-Fig1_true-termination.c,3.275763988,21.80465102,11.069345,301.061393,301.0758801,YES,YES,YES,MAYBE,MAYBE
C_Integer/Stroeder_15/AliasDarteFeautrierGonnord-SAS2010-Fig2a_true-termination.c,2.471457958,8.094130039,8.623172998,1.424633026,1.465393066,YES,YES,YES,YES,YES
C_Integer/Stroeder_15/AliasDarteFeautrierGonnord-SAS2010-Fig2b_true-termination.c,3.751064062,27.09482288,38.94789314,301.0811579,301.0665851,YES,YES,YES,MAYBE,MAYBE
C_Integer/Stroeder_15/AliasDarteFeautrierGonnord-SAS2010-loops_true-termination.c,3.557203054,4.366245031,7.931833029,6.440342903,6.163329124,YES,YES,YES,YES,YES
C_Integer/Stroeder_15/AliasDarteFeautrierGonnord-SAS2010-ndecr_true-termination.c,2.010555029,2.062531948,6.267069817,0.5864720345,0.5849230289,YES,YES,YES,YES,YES
C_Integer/Stroeder_15/AliasDarteFeautrierGonnord-SAS2010-nestedLoop_true-termination.c,3.217805147,10.27089,22.07671213,301.060802,301.0615571,YES,YES,YES,MAYBE,MAYBE
C_Integer/Stroeder_15/AliasDarteFeautrierGonnord-SAS2010-random1d_true-termination.c,2.284710884,3.859494925,6.661626101,1.309591055,1.174736023,YES,YES,YES,YES,YES
C_Integer/Stroeder_15/AliasDarteFeautrierGonnord-SAS2010-random2d_true-termination.c,3.931090832,56.25406909,6.682926178,1.572634935,1.575021982,YES,YES,YES,YES,YES
C_Integer/Stroeder_15/AliasDarteFeautrierGonnord-SAS2010-rsd_true-termination.c,5.854094982,11.25471807,19.81224203,2.55843091,2.438318014,YES,YES,YES,YES,YES
C_Integer/Stroeder_15/AliasDarteFeautrierGonnord-SAS2010-speedFails4_true-termination.c,3.529488802,49.67580199,5.72081995,1.739452124,1.740694046,YES,YES,MAYBE,YES,YES
C_Integer/Stroeder_15/AliasDarteFeautrierGonnord-SAS2010-speedpldi2_true-termination.c,3.289487839,3.661062002,5.873902798,1.885279894,1.711915016,YES,YES,MAYBE,YES,YES
C_Integer/Stroeder_15/AliasDarteFeautrierGonnord-SAS2010-speedpldi3_true-termination.c,2.494458914,19.73413992,7.782253027,2.761897087,2.467850924,YES,YES,YES,YES,YES
C_Integer/Stroeder_15/AliasDarteFeautrierGonnord-SAS2010-speedpldi4_true-termination.c,6.179033995,4.010582924,8.333553076,1.308042049,1.374135971,YES,YES,YES,YES,YES
C_Integer/Stroeder_15/AliasDarteFeautrierGonnord-SAS2010-terminate_true-termination.c,2.085313082,3.462955952,18.543185,10.22381306,10.52816319,YES,YES,YES,YES,YES
C_Integer/Stroeder_15/AliasDarteFeautrierGonnord-SAS2010-wcet2_true-termination.c,2.644984961,4.437046051,5.662598133,0.8886618614,0.8805639744,YES,YES,MAYBE,YES,YES
C_Integer/Stroeder_15/AliasDarteFeautrierGonnord-SAS2010-while2_true-termination.c,2.284803867,3.093918085,7.205750942,1.271453857,1.129580975,YES,YES,YES,YES,YES
C_Integer/Stroeder_15/AliasDarteFeautrierGonnord-SAS2010-wise_true-termination.c,4.017267942,16.06244206,6.330392838,1.165316105,1.169028997,YES,YES,MAYBE,YES,YES
C_Integer/Stroeder_15/AlternDiv.c,3.767553806,7.305759192,6.012421846,1.456964016,1.14428091,NO,NO,MAYBE,NO,NO
C_Integer/Stroeder_15/AlternDivWide.c,4.356415987,12.58609295,8.527305841,4.223258018,301.0879889,NO,NO,NO,NO,MAYBE
C_Integer/Stroeder_15/AlternDivWidening.c,10.80284691,210.5350599,8.422621012,6.099084139,301.0570879,NO,MAYBE,NO,NO,MAYBE
C_Integer/Stroeder_15/AlternKonv.c,6.051289082,16.11022305,5.662791967,1.611855984,1.630934,NO,NO,MAYBE,NO,NO
C_Integer/Stroeder_15/Avery-FLOPS2006-Table1_true-termination.c,2.640805006,4.34966898,7.541126013,3.315190077,3.227641821,YES,YES,YES,YES,YES
C_Integer/Stroeder_15/Bangalore_true-termination.c,3.638617992,2.37699008,6.66841197,0.7095868587,0.6604838371,YES,YES,YES,YES,YES
C_Integer/Stroeder_15/Ben-Amram-LMCS2010-Ex2.3_true-termination.c,12.32316399,35.48130012,12.432127,301.049468,301.0446012,YES,YES,YES,MAYBE,MAYBE
C_Integer/Stroeder_15/Benghazi_true-termination.c,3.514523029,5.074262857,11.79860997,13.10353804,37.07273698,YES,YES,YES,YES,YES
C_Integer/Stroeder_15/BradleyMannaSipma-CAV2005-Fig1-modified_false-termination.c,3.216899157,6.67389822,12.56582499,0.8803219795,0.8727099895,NO,NO,NO,NO,NO
C_Integer/Stroeder_15/BradleyMannaSipma-CAV2005-Fig1_true-termination.c,3.429255962,49.93714809,5.632199049,1.616562843,1.629085064,YES,YES,MAYBE,YES,YES
C_Integer/Stroeder_15/BradleyMannaSipma-ICALP2005-Fig1_true-termination.c,4.609856129,28.71004987,20.21982503,2.622659206,2.595781088,YES,YES,YES,YES,YES
C_Integer/Stroeder_15/BrockschmidtCookFuhs-CAV2013-Fig1_true-termination.c,2.46875,5.089854002,8.261441946,1.281596899,1.283894062,YES,YES,YES,YES,YES
C_Integer/Stroeder_15/BrockschmidtCookFuhs-CAV2013-Fig9a_true-termination.c,14.17638707,28.24452996,9.509333849,301.056056,301.053143,YES,YES,YES,MAYBE,MAYBE
C_Integer/Stroeder_15/BrockschmidtCookFuhs-CAV2013-Introduction_true-termination.c,2.741554022,2.828449965,6.814826965,0.8514199257,0.8525388241,YES,YES,YES,YES,YES
C_Integer/Stroeder_15/Cairo_true-termination.c,3.485776901,16.45243907,7.086009026,1.120368004,1.152607918,YES,YES,YES,YES,YES
C_Integer/Stroeder_15/ChawdharyCookGulwaniSagivYang-ESOP2008-aaron12_true-termination.c,8.830719948,299.0427949,57.83581114,3.397847891,2.757141113,YES,MAYBE,MAYBE,YES,YES
C_Integer/Stroeder_15/ChawdharyCookGulwaniSagivYang-ESOP2008-aaron1_true-termination.c,3.947880983,299.032783,9.60217309,3.008905172,3.015699148,YES,MAYBE,YES,YES,YES
C_Integer/Stroeder_15/ChawdharyCookGulwaniSagivYang-ESOP2008-aaron4_true-termination.c,33.44486403,299.062608,40.41352892,129.3450341,54.544554,YES,MAYBE,YES,YES,YES
C_Integer/Stroeder_15/ChawdharyCookGulwaniSagivYang-ESOP2008-aaron6_true-termination.c,2.966946125,20.69545794,7.595773935,1.88886404,1.751791,YES,YES,YES,YES,YES
C_Integer/Stroeder_15/ChawdharyCookGulwaniSagivYang-ESOP2008-random1d_true-termination.c,6.103003025,4.852242947,6.729984045,1.310618877,1.309957027,YES,YES,YES,YES,YES
C_Integer/Stroeder_15/ChawdharyCookGulwaniSagivYang-ESOP2008-random2d_true-termination.c,3.865833044,55.96678901,6.97280407,1.581133127,1.473092079,YES,YES,YES,YES,YES
C_Integer/Stroeder_15/ChenCookFuhsNimkarOHearn-TACAS2014-Introduction_false-termination.c,3.781280994,4.560597181,7.231091022,0.5777029991,0.5932679176,NO,NO,NO,NO,NO
C_Integer/Stroeder_15/ChenFlurMukhopadhyay-SAS2012-Ex1.01_true-termination.c,2.09791708,27.53866601,13.54437208,3.842862844,1.876344919,YES,MAYBE,MAYBE,YES,YES
C_Integer/Stroeder_15/ChenFlurMukhopadhyay-SAS2012-Ex1.02_true-termination.c,2.3502388,3.702082872,18.69125605,198.741401,172.4003861,YES,YES,YES,YES,YES
C_Integer/Stroeder_15/ChenFlurMukhopadhyay-SAS2012-Ex1.03_true-termination.c,2.041260004,3.199253082,6.43560195,0.5846540928,0.5796518326,YES,YES,YES,YES,YES
C_Integer/Stroeder_15/ChenFlurMukhopadhyay-SAS2012-Ex1.04_true-termination.c,2.003773212,3.145537853,6.462245941,0.7417740822,0.7331869602,YES,YES,YES,YES,YES
C_Integer/Stroeder_15/ChenFlurMukhopadhyay-SAS2012-Ex1.05_true-termination.c,2.148460865,3.065080166,6.508991003,0.7255661488,0.6860420704,YES,YES,YES,YES,YES
C_Integer/Stroeder_15/ChenFlurMukhopadhyay-SAS2012-Ex2.01_true-termination.c,3.536318064,2.726814032,6.782491922,0.8533821106,0.8523960114,YES,YES,YES,YES,YES
C_Integer/Stroeder_15/ChenFlurMukhopadhyay-SAS2012-Ex2.02_false-termination.c,8.622227907,3.218409061,6.488155127,195.8334761,301.0649741,NO,NO,NO,NO,MAYBE
C_Integer/Stroeder_15/ChenFlurMukhopadhyay-SAS2012-Ex2.03_false-termination.c,8.838356972,3.374187946,5.597529173,0.5863559246,0.5422580242,NO,NO,NO,NO,NO
C_Integer/Stroeder_15/ChenFlurMukhopadhyay-SAS2012-Ex2.04_false-termination.c,3.492435932,3.397742987,5.656383991,0.581444025,0.5888500214,NO,NO,NO,NO,NO
C_Integer/Stroeder_15/ChenFlurMukhopadhyay-SAS2012-Ex2.06_false-termination.c,301.0410721,58.02653694,63.057266,301.0593731,301.0538769,TIMEOUT,MAYBE,MAYBE,MAYBE,MAYBE
C_Integer/Stroeder_15/ChenFlurMukhopadhyay-SAS2012-Ex2.07_true-termination.c,2.575040817,2.976917028,7.846181154,0.8597428799,0.8985881805,YES,YES,YES,YES,YES
C_Integer/Stroeder_15/ChenFlurMukhopadhyay-SAS2012-Ex2.08_true-termination.c,3.303972006,2.787589073,6.753952026,0.8863561153,0.8406400681,YES,YES,YES,YES,YES
C_Integer/Stroeder_15/ChenFlurMukhopadhyay-SAS2012-Ex2.09_true-termination.c,2.508729935,3.761333942,6.783651829,1.314244986,1.300688982,YES,YES,YES,YES,YES
C_Integer/Stroeder_15/ChenFlurMukhopadhyay-SAS2012-Ex2.10_true-termination.c,2.009100199,2.697871923,6.442508936,0.5188260078,0.5547049046,YES,YES,YES,YES,YES
C_Integer/Stroeder_15/ChenFlurMukhopadhyay-SAS2012-Ex2.11_false-termination.c,301.0506999,4.648117065,161.952456,301.0782731,301.0776212,TIMEOUT,NO,MAYBE,MAYBE,MAYBE
C_Integer/Stroeder_15/ChenFlurMukhopadhyay-SAS2012-Ex2.12_false-termination.c,3.43149519,3.320599079,5.569519997,1.153429031,1.160773039,NO,NO,NO,NO,NO
C_Integer/Stroeder_15/ChenFlurMukhopadhyay-SAS2012-Ex2.13_true-termination.c,1.873578072,2.891420841,7.391912937,1.079854965,0.8878369331,YES,YES,YES,YES,YES
C_Integer/Stroeder_15/ChenFlurMukhopadhyay-SAS2012-Ex2.14_false-termination.c,3.918049097,3.297442913,5.524327993,301.0500691,64.21772599,NO,NO,NO,MAYBE,NO
C_Integer/Stroeder_15/ChenFlurMukhopadhyay-SAS2012-Ex2.15_false-termination.c,3.028795004,2.656455994,5.852540016,0.5939390659,0.5577349663,NO,NO,NO,NO,NO
C_Integer/Stroeder_15/ChenFlurMukhopadhyay-SAS2012-Ex2.16_true-termination.c,2.559417963,2.604367971,6.805759192,0.8613460064,0.8452131748,YES,YES,YES,YES,YES
C_Integer/Stroeder_15/ChenFlurMukhopadhyay-SAS2012-Ex2.17_false-termination.c,9.222037077,3.363740921,6.751846075,163.1014369,301.0668569,NO,NO,NO,NO,MAYBE
C_Integer/Stroeder_15/ChenFlurMukhopadhyay-SAS2012-Ex2.18_true-termination.c,2.288455009,2.882656097,6.637588978,2.438483953,2.457031965,YES,YES,YES,YES,YES
C_Integer/Stroeder_15/ChenFlurMukhopadhyay-SAS2012-Ex2.19_true-termination.c,2.508397102,2.866946936,7.445036888,0.8558030128,0.8799290657,YES,YES,YES,YES,YES
C_Integer/Stroeder_15/ChenFlurMukhopadhyay-SAS2012-Ex2.20_true-termination.c,2.126648903,3.61104703,6.492543936,0.7371029854,0.7370522022,YES,YES,YES,YES,YES
C_Integer/Stroeder_15/ChenFlurMukhopadhyay-SAS2012-Ex2.21_true-termination.c,2.374665976,2.896173,6.669092894,1.340684175,1.005677938,YES,YES,YES,YES,YES
C_Integer/Stroeder_15/ChenFlurMukhopadhyay-SAS2012-Ex2.22_true-termination.c,2.170366049,4.638092041,6.723453045,3.872901917,4.280099869,YES,YES,YES,YES,YES
C_Integer/Stroeder_15/ChenFlurMukhopadhyay-SAS2012-Ex3.01_true-termination.c,1.877492189,2.945357084,7.374283075,2.560193062,2.502042055,YES,YES,YES,YES,YES
C_Integer/Stroeder_15/ChenFlurMukhopadhyay-SAS2012-Ex3.02_false-termination.c,3.323489904,3.769693136,8.355477095,0.975383997,0.5876500607,NO,NO,NO,NO,NO
C_Integer/Stroeder_15/ChenFlurMukhopadhyay-SAS2012-Ex3.03_true-termination.c,3.724854946,29.57252693,6.942950964,1.457107067,1.307157993,YES,YES,YES,YES,YES
C_Integer/Stroeder_15/ChenFlurMukhopadhyay-SAS2012-Ex3.04_true-termination.c,3.525053978,3.790142059,10.099401,2.556614161,2.274067163,YES,YES,YES,YES,YES
C_Integer/Stroeder_15/ChenFlurMukhopadhyay-SAS2012-Ex3.05_true-termination.c,2.800678015,3.527462006,23.85762906,1.143211842,1.150304079,YES,YES,YES,YES,YES
C_Integer/Stroeder_15/ChenFlurMukhopadhyay-SAS2012-Ex3.06_false-termination.c,12.04915118,4.565639973,6.500353098,301.0869641,301.0988772,NO,NO,NO,MAYBE,MAYBE
C_Integer/Stroeder_15/ChenFlurMukhopadhyay-SAS2012-Ex3.07_true-termination.c,2.595507145,6.473376036,6.833807945,2.4570539,2.169395208,YES,YES,YES,YES,YES
C_Integer/Stroeder_15/ChenFlurMukhopadhyay-SAS2012-Ex3.08_true-termination.c,2.328264952,3.647197008,6.924277067,3.646945,3.509711981,YES,YES,YES,YES,YES
C_Integer/Stroeder_15/ChenFlurMukhopadhyay-SAS2012-Ex3.09_true-termination.c,2.08738184,5.526327133,6.783428192,6.814488173,6.722635031,YES,YES,YES,YES,YES
C_Integer/Stroeder_15/ChenFlurMukhopadhyay-SAS2012-Ex3.10_true-termination.c,1.962476969,3.738300085,10.04475689,0.8501629829,0.8724620342,YES,YES,YES,YES,YES
C_Integer/Stroeder_15/ChenFlurMukhopadhyay-SAS2012-Ex4.01_true-termination.c,3.270275116,8.116558075,18.87600017,11.03787589,28.85921693,YES,YES,YES,YES,YES
C_Integer/Stroeder_15/ChenFlurMukhopadhyay-SAS2012-Fig1_true-termination.c,2.475793123,6.441261053,6.869840145,2.399877071,3.882066011,YES,YES,YES,YES,YES
C_Integer/Stroeder_15/Choose.c,4.001171112,25.79720783,5.883671045,1.175835848,1.276555061,NO,NO,MAYBE,NO,NO
C_Integer/Stroeder_15/ChooseLife.c,3.680794001,54.80883718,41.05497384,1.119125128,1.259603024,NO,MAYBE,MAYBE,NO,NO
C_Integer/Stroeder_15/collatz.c,301.0569859,299.0702009,5.568813801,301.0484681,301.0494339,TIMEOUT,MAYBE,MAYBE,MAYBE,MAYBE
C_Integer/Stroeder_15/ColonSipma-TACAS2001-Fig1_true-termination.c,2.079066038,3.384185076,21.54174709,10.43804502,10.47834682,YES,YES,YES,YES,YES
C_Integer/Stroeder_15/ComplInterv.c,17.56291914,26.96686697,14.54529905,2.577706099,2.306356192,MAYBE,NO,MAYBE,NO,NO
C_Integer/Stroeder_15/ComplInterv2.c,2.989488125,10.34437084,5.743942976,0.9005980492,0.8608350754,NO,NO,MAYBE,NO,NO
C_Integer/Stroeder_15/ComplInterv3.c,3.062398911,7.389206171,13.81668186,4.502733946,3.733780146,NO,NO,MAYBE,NO,NO
C_Integer/Stroeder_15/ComplxStruc.c,10.70992303,299.068321,16.16696215,171.028934,154.1236801,MAYBE,MAYBE,NO,NO,NO
C_Integer/Stroeder_15/ConvLower.c,3.116488934,3.907359838,14.44165397,0.7331111431,0.5507318974,NO,NO,NO,NO,NO
C_Integer/Stroeder_15/CookSeeZuleger-TACAS2013-Fig1_true-termination.c,2.811663866,13.43109703,7.842307091,0.8966529369,0.9565560818,YES,YES,YES,YES,YES
C_Integer/Stroeder_15/CookSeeZuleger-TACAS2013-Fig7a_true-termination.c,2.80308485,24.52267098,9.340741158,1.456805944,1.323872805,YES,YES,YES,YES,YES
C_Integer/Stroeder_15/CookSeeZuleger-TACAS2013-Fig7b_true-termination.c,3.027565956,131.909142,9.752505064,1.311462879,1.423265934,YES,YES,YES,YES,YES
C_Integer/Stroeder_15/CookSeeZuleger-TACAS2013-Fig8a-modified_true-termination.c,3.286814928,9.350879908,5.623006821,1.306946993,1.302918911,YES,YES,MAYBE,YES,YES
C_Integer/Stroeder_15/CookSeeZuleger-TACAS2013-Fig8a_true-termination.c,3.495674849,8.494642019,8.062052011,0.8875701427,0.731194973,YES,YES,YES,YES,YES
C_Integer/Stroeder_15/CookSeeZuleger-TACAS2013-Fig8b_true-termination.c,6.785269022,8.829397917,5.584697008,1.913116932,1.837660074,YES,YES,MAYBE,YES,YES
C_Integer/Stroeder_15/Copenhagen_true-termination.c,2.087651968,2.6953969,6.941614866,0.8538041115,0.8566529751,YES,YES,YES,YES,YES
C_Integer/Stroeder_15/Cousot.c,3.171486139,4.698719978,6.5314641,0.4400680065,0.2922840118,NO,NO,NO,NO,NO
C_Integer/Stroeder_15/DivMinus.c,2.206212044,2.692967892,6.717507839,0.5888261795,0.5979120731,YES,YES,YES,YES,YES
C_Integer/Stroeder_15/DivMinus2.c,3.78451705,33.08427215,5.583532095,4.486892939,3.304205894,YES,YES,MAYBE,YES,YES
C_Integer/Stroeder_15/DivWithoutMinus.c,9.247416019,143.971411,8.429576874,301.0550859,301.0691571,NO,NO,NO,MAYBE,MAYBE
C_Integer/Stroeder_15/DoubleNeg.c,301.047761,19.62914109,15.47514606,301.043124,301.056087,TIMEOUT,NO,MAYBE,MAYBE,MAYBE
C_Integer/Stroeder_15/easy1_true-termination.c,2.676574945,2.520768166,6.650871038,0.8737568855,0.8490419388,YES,YES,YES,YES,YES
C_Integer/Stroeder_15/easy2_true-termination.c,2.305201054,2.488775969,6.766524076,1.022415876,0.9992668629,YES,YES,YES,YES,YES
C_Integer/Stroeder_15/Et1.c,2.479884863,3.215771914,6.752411842,1.57337904,1.598193884,YES,YES,YES,YES,YES
C_Integer/Stroeder_15/Et2.c,4.92566514,56.22483802,5.690709114,301.0647521,1.425703049,NO,MAYBE,NO,MAYBE,NO
C_Integer/Stroeder_15/Et4.c,12.28039002,41.94207001,5.671722889,15.16175699,10.770432,NO,NO,NO,NO,NO
C_Integer/Stroeder_15/Even.c,3.329838037,3.355242968,5.74846983,1.320233107,1.175966978,NO,NO,MAYBE,NO,NO
C_Integer/Stroeder_15/Ex01.c,2.668303013,2.342797041,6.62159586,1.169166088,1.017926931,NO,NO,NO,NO,NO
C_Integer/Stroeder_15/Ex02.c,2.915084839,3.957742214,6.739945889,0.756000042,0.6114430428,NO,NO,NO,NO,NO
C_Integer/Stroeder_15/Ex03.c,3.032366991,3.846396208,7.187892914,0.6936042309,0.7073950768,NO,NO,NO,NO,NO
C_Integer/Stroeder_15/Ex04.c,2.619257927,1.682718039,6.395308018,0.4357070923,0.2948229313,NO,NO,NO,NO,NO
C_Integer/Stroeder_15/Ex05.c,2.229140997,1.447212934,5.439015865,0.2875809669,0.304374218,NO,NO,NO,NO,NO
C_Integer/Stroeder_15/Ex06.c,9.369302034,5.76926589,6.312702894,0.8811099529,0.8751840591,NO,NO,NO,NO,NO
C_Integer/Stroeder_15/Ex07.c,3.144438028,3.40103817,6.842999935,0.6206018925,0.4316530228,NO,NO,NO,NO,NO
C_Integer/Stroeder_15/Ex08.c,16.89692998,299.009418,101.17465,4.729445934,32.49390483,NO,MAYBE,NO,NO,NO
C_Integer/Stroeder_15/Factorial.c,301.162698,21.92101693,14.83462095,301.0659561,301.0862629,TIMEOUT,NO,MAYBE,MAYBE,MAYBE
C_Integer/Stroeder_15/Fibonacci.c,3.40238905,58.65204096,13.28421807,301.071121,301.0674839,NO,MAYBE,MAYBE,MAYBE,MAYBE
C_Integer/Stroeder_15/Flip.c,3.041263819,4.524919033,7.547735929,0.4420280457,0.5754821301,NO,NO,NO,NO,NO
C_Integer/Stroeder_15/Flip2.c,8.204403162,88.64210606,9.71052599,1.188680172,1.179021835,NO,NO,NO,NO,NO
C_Integer/Stroeder_15/Gauss.c,3.494161129,3.376246929,6.595242977,1.283607006,0.9785561562,NO,NO,NO,NO,NO
C_Integer/Stroeder_15/GCD.c,3.698430061,20.02658606,5.921123981,0.8805599213,0.8938210011,NO,NO,MAYBE,NO,NO
C_Integer/Stroeder_15/gcd1_true-termination.c,4.007847071,5.347092152,9.254026175,1.276009798,1.30429697,YES,YES,YES,YES,YES
C_Integer/Stroeder_15/GCD2.c,3.566771984,12.23070908,5.649461985,0.9980158806,0.8844628334,NO,NO,MAYBE,NO,NO
C_Integer/Stroeder_15/GCD3.c,4.873740911,7.553122997,5.663408995,3.35726285,3.121691942,YES,YES,MAYBE,YES,YES
C_Integer/Stroeder_15/GCD4.c,2.846715212,3.984531879,5.557385921,0.8369848728,0.8262741566,YES,YES,MAYBE,YES,YES
C_Integer/Stroeder_15/genady_true-termination.c,2.050163984,1.816026926,6.57976985,1.159562111,1.022070169,YES,YES,YES,YES,YES
C_Integer/Stroeder_15/GopanReps-CAV2006-Fig1a_true-termination.c.c,3.422047138,2.925286055,7.550415039,1.136439085,1.133150101,YES,YES,YES,YES,YES
C_Integer/Stroeder_15/Gothenburg_true-termination.c,10.02489901,4.954515934,11.30029798,0.8935139179,0.8576190472,YES,YES,YES,YES,YES
C_Integer/Stroeder_15/GulavaniGulwani-CAV2008-Fig1a_true-termination.c,2.394812107,7.099402905,9.764993906,5.425405979,5.752497196,YES,YES,YES,YES,YES
C_Integer/Stroeder_15/GulavaniGulwani-CAV2008-Fig1b_true-termination.c,2.359718084,5.249644995,7.522899151,2.453883886,2.452373028,YES,YES,YES,YES,YES
C_Integer/Stroeder_15/GulavaniGulwani-CAV2008-Fig1c_true-termination.c,1.872778893,2.93503809,6.639740944,1.011487961,0.9918920994,YES,YES,YES,YES,YES
C_Integer/Stroeder_15/GulwaniJainKoskinen-PLDI2009-Fig1_true-termination.c,301.0330961,32.06872511,10.42046309,301.0383461,301.0222161,TIMEOUT,YES,YES,MAYBE,MAYBE
C_Integer/Stroeder_15/HeizmannHoenickeLeikePodelski-ATVA2013-Fig1_true-termination.c,2.264638186,2.834110975,6.703546047,0.7004418373,0.739207983,YES,YES,YES,YES,YES
C_Integer/Stroeder_15/HeizmannHoenickeLeikePodelski-ATVA2013-Fig4_true-termination.c,2.041436911,1.986405134,7.144033909,0.7524211407,0.6099901199,YES,YES,YES,YES,YES
C_Integer/Stroeder_15/HeizmannHoenickeLeikePodelski-ATVA2013-Fig6_true-termination.c,2.390568018,3.217134953,6.395198822,0.5798311234,0.5879580975,YES,YES,YES,YES,YES
C_Integer/Stroeder_15/HeizmannHoenickeLeikePodelski-ATVA2013-Fig8_true-termination.c,7.146193981,40.98266602,12.01849198,0.700674057,0.7241909504,YES,MAYBE,MAYBE,YES,YES
C_Integer/Stroeder_15/HeizmannHoenickeLeikePodelski-ATVA2013-Fig9_true-termination.c,6.159049988,45.22255206,13.79211402,0.7326860428,0.7115488052,YES,MAYBE,MAYBE,YES,YES
C_Integer/Stroeder_15/IntPath.c,2.275559902,11.52294707,5.97893405,0.7048151493,0.7081208229,YES,YES,MAYBE,YES,YES
C_Integer/Stroeder_15/KroeningSharyginaTsitovichWintersteiger-CAV2010-Ex_true-termination.c,2.431218863,4.230221987,6.46322608,1.02975893,0.7225308418,YES,YES,YES,YES,YES
C_Integer/Stroeder_15/LarrazOliverasRodriguez-CarbonellRubio-FMCAD2013-Fig1_true-termination.c,4.565737963,17.99805188,10.65936399,4.956232071,4.889770031,YES,YES,YES,YES,YES
C_Integer/Stroeder_15/Lcm.c,3.247895956,5.464496851,5.635540009,0.7126479149,0.6728811264,NO,NO,MAYBE,NO,NO
C_Integer/Stroeder_15/LeikeHeizmann-TACAS2014-Ex1_true-termination.c,2.058789015,3.777151823,6.595522881,0.869330883,0.8714790344,YES,YES,YES,YES,YES
C_Integer/Stroeder_15/LeikeHeizmann-TACAS2014-Ex7_true-termination.c,2.329718113,2.839040041,7.16206193,1.266048193,1.147267818,YES,YES,YES,YES,YES
C_Integer/Stroeder_15/LeikeHeizmann-TACAS2014-Ex8_true-termination.c,2.313361168,5.452819109,7.816962957,1.255750895,1.139511108,YES,YES,YES,YES,YES
C_Integer/Stroeder_15/LeikeHeizmann-TACAS2014-Ex9_true-termination.c,2.863168001,10.86427307,5.72646904,0.8630299568,0.8886160851,YES,YES,MAYBE,YES,YES
C_Integer/Stroeder_15/LeikeHeizmann-TACAS2014-Fig1_true-termination.c,8.112333059,2.709799051,6.608673811,0.7348937988,0.7302172184,YES,YES,YES,YES,YES
C_Integer/Stroeder_15/LeikeHeizmann-WST2014-Ex5_false-termination.c,5.051118135,32.76899004,17.69088912,301.0908101,301.0683451,NO,MAYBE,MAYBE,MAYBE,MAYBE
C_Integer/Stroeder_15/LeikeHeizmann-WST2014-Ex6_false-termination.c,3.217353106,3.359362125,6.522217035,123.1568401,301.0121908,NO,NO,NO,NO,MAYBE
C_Integer/Stroeder_15/Lobnya-Boolean-Reordered_true-termination.c,2.319214821,11.21239901,7.676349878,2.038228035,2.032544136,YES,YES,YES,YES,YES
C_Integer/Stroeder_15/Log.c,3.062179804,3.897593975,5.502419949,0.8761458397,0.8792321682,YES,YES,MAYBE,YES,YES
C_Integer/Stroeder_15/LogAG.c,2.382633924,5.198234081,8.580622911,0.8728840351,0.863063097,YES,YES,YES,YES,YES
C_Integer/Stroeder_15/LogMult.c,301.058542,14.80615497,13.69474483,1.588304996,1.593695879,TIMEOUT,NO,MAYBE,YES,YES
C_Integer/Stroeder_15/Loop.c,2.690799952,1.733684063,5.519288063,0.4508619308,0.4551169872,NO,NO,NO,NO,NO
C_Integer/Stroeder_15/Madrid_false-termination.c,2.278621912,1.132735014,5.910431147,0.2997188568,0.3074359894,NO,NO,NO,NO,NO
C_Integer/Stroeder_15/Marbie1.c,2.870827913,2.33849597,6.093124866,1.607264042,1.439745903,NO,NO,NO,NO,NO
C_Integer/Stroeder_15/Marbie2.c,2.774149895,1.632285118,6.287695169,0.4229679108,0.3015050888,NO,NO,NO,NO,NO
C_Integer/Stroeder_15/Masse-VMCAI2014-Ex6_true-termination.c,2.359480858,4.12564683,8.194681168,0.8440580368,0.8848040104,YES,YES,YES,YES,YES
C_Integer/Stroeder_15/Masse-VMCAI2014-Fig1a_true-termination.c,2.23020196,4.627573013,8.802577972,1.01876688,1.017436981,YES,YES,YES,YES,YES
C_Integer/Stroeder_15/Masse-VMCAI2014-Fig1b_true-termination.c,301.0522399,299.053771,16.05705595,301.0083761,301.0418429,TIMEOUT,MAYBE,MAYBE,MAYBE,MAYBE
C_Integer/Stroeder_15/McCarthyIterative.c,2.376372099,3.441989899,14.15893388,0.9500849247,0.8763780594,YES,YES,YES,YES,YES
C_Integer/Stroeder_15/MenloPark_true-termination.c,15.45737004,2.773730993,6.984704971,28.91074419,28.24533391,MAYBE,YES,YES,YES,YES
C_Integer/Stroeder_15/Middle.c,3.190138102,4.775897026,6.295519114,301.0682721,301.0711601,NO,NO,NO,MAYBE,MAYBE
C_Integer/Stroeder_15/MinusBuiltIn.c,1.982713938,2.462676048,8.014873981,1.119163036,1.081904888,YES,YES,YES,YES,YES
C_Integer/Stroeder_15/MinusMin.c,2.338647127,4.283917189,10.31478596,19.71331501,17.949229,YES,YES,YES,YES,YES
C_Integer/Stroeder_15/MinusUserDefined.c,3.186905146,23.90068293,8.745682001,1.30470705,1.28236413,YES,YES,YES,YES,YES
C_Integer/Stroeder_15/min_rf_true-termination.c,13.38664389,39.72526312,29.0416739,301.082999,301.0824189,YES,YES,YES,MAYBE,MAYBE
C_Integer/Stroeder_15/MirrorInterv.c,4.680806875,21.56052995,8.325600863,5.649461031,5.778180122,NO,NO,NO,NO,NO
C_Integer/Stroeder_15/MirrorIntervSim.c,3.877338886,9.512693882,7.761780977,1.05292201,1.045880079,NO,NO,NO,NO,NO
C_Integer/Stroeder_15/Mysore_true-termination.c,3.066462994,3.086056948,28.29840612,0.987694025,0.9975030422,YES,YES,YES,YES,YES
C_Integer/Stroeder_15/Narrowing.c,301.0521441,299.027277,5.663634062,27.92371488,25.47790909,TIMEOUT,MAYBE,MAYBE,NO,NO
C_Integer/Stroeder_15/NarrowKonv.c,301.0749931,299.0425918,5.729906082,3.783181906,61.01395297,TIMEOUT,MAYBE,MAYBE,NO,NO
C_Integer/Stroeder_15/Nested.c,2.33043313,2.897386074,7.233526945,0.864369154,0.8962578774,YES,YES,YES,YES,YES
C_Integer/Stroeder_15/NonTermination1_false-termination.c,2.544611931,2.244317055,6.312819958,1.448846102,1.146071911,NO,NO,NO,NO,NO
C_Integer/Stroeder_15/NonTermination2_false-termination.c,301.040498,51.31124091,6.314485073,301.055455,301.099206,TIMEOUT,MAYBE,NO,MAYBE,MAYBE
C_Integer/Stroeder_15/NonTermination4_false-termination.c,3.213844061,2.308291197,5.979232073,0.5905220509,0.508161068,NO,NO,NO,NO,NO
C_Integer/Stroeder_15/NonTerminationSimple2_false-termination.c,5.650667906,2.300601006,6.072658062,1.122386932,0.7040679455,NO,NO,NO,NO,NO
C_Integer/Stroeder_15/NonTerminationSimple3_false-termination.c,3.227499962,2.663952112,5.533292055,0.5931651592,0.439745903,NO,NO,NO,NO,NO
C_Integer/Stroeder_15/NonTerminationSimple4_false-termination.c,3.249871016,2.902004004,6.54708004,301.0725501,301.0659509,NO,NO,NO,MAYBE,MAYBE
C_Integer/Stroeder_15/NonTerminationSimple5_false-termination.c,3.098415852,7.78332901,7.661849976,0.8751142025,0.8785839081,NO,NO,NO,NO,NO
C_Integer/Stroeder_15/NonTerminationSimple6_false-termination.c,2.737339973,2.366400003,5.981380939,1.0011971,0.7189791203,NO,NO,NO,NO,NO
C_Integer/Stroeder_15/NonTerminationSimple7_false-termination.c,2.913939953,2.903665781,5.572301865,0.5898211002,0.5846860409,NO,NO,NO,NO,NO
C_Integer/Stroeder_15/NonTerminationSimple8_false-termination.c,3.294684172,146.4724801,6.540601969,301.0569401,7.371002913,NO,NO,NO,MAYBE,NO
C_Integer/Stroeder_15/NonTerminationSimple9_false-termination.c,3.284616947,3.764348984,5.57070303,0.4397141933,0.4397549629,NO,NO,NO,NO,NO
C_Integer/Stroeder_15/NoriSharma-FSE2013-Fig7_true-termination.c,2.398563862,4.394442081,8.092700958,301.0829821,301.0661709,YES,YES,YES,MAYBE,MAYBE
C_Integer/Stroeder_15/NoriSharma-FSE2013-Fig8_true-termination.c,3.218811035,5.736305952,7.962893963,4.243461132,5.259478092,YES,YES,YES,YES,YES
C_Integer/Stroeder_15/NO_00.c,2.384194851,1.712649107,5.474488974,0.4290690422,0.4684481621,NO,NO,NO,NO,NO
C_Integer/Stroeder_15/NO_01.c,8.709499836,4.139918804,6.519024134,2.699699163,2.667240143,NO,NO,NO,NO,NO
C_Integer/Stroeder_15/NO_02.c,11.3916862,2.349775076,5.632856131,0.5724930763,0.5642900467,NO,NO,MAYBE,NO,NO
C_Integer/Stroeder_15/NO_03.c,2.844873905,4.077825069,5.812931061,0.8589379787,0.8766469955,NO,NO,MAYBE,NO,NO
C_Integer/Stroeder_15/NO_04.c,4.684491873,10.77708912,8.17379117,31.93644595,31.75859189,NO,NO,NO,NO,NO
C_Integer/Stroeder_15/NO_10.c,3.187669992,2.148106813,6.308507919,0.5628459454,0.5421090126,NO,NO,NO,NO,NO
C_Integer/Stroeder_15/NO_12.c,3.767296076,35.82287002,8.415745974,1.007385015,1.140332937,NO,NO,NO,NO,NO
C_Integer/Stroeder_15/NO_13.c,3.456465006,79.37762403,52.12862396,2.003200054,1.882953167,NO,MAYBE,NO,NO,NO
C_Integer/Stroeder_15/NO_21.c,2.393853188,1.789856911,5.375872135,0.5592520237,1.707721949,NO,NO,NO,MAYBE,MAYBE
C_Integer/Stroeder_15/NO_22.c,3.742460966,52.66949511,49.16000009,1.379189014,1.28549099,NO,MAYBE,NO,NO,NO
C_Integer/Stroeder_15/NO_23.c,2.790081024,17.09952879,9.45331192,0.8476419449,0.8520491123,NO,NO,NO,NO,NO
C_Integer/Stroeder_15/NO_24.c,3.441673994,33.71052098,10.76634097,0.5783631802,0.5744211674,NO,MAYBE,MAYBE,NO,NO
C_Integer/Stroeder_15/Nyala-2lex_true-termination.c,2.156361103,3.763920069,7.832623959,0.9031977654,0.8766229153,YES,YES,YES,YES,YES
C_Integer/Stroeder_15/Overflow.c,1.972855091,1.970020056,6.27985096,0.8569860458,0.6600048542,YES,YES,YES,YES,YES
C_Integer/Stroeder_15/Parallel_true-termination.c,2.700798035,8.117554903,5.247255087,0.886248827,0.8685700893,YES,YES,MAYBE,YES,YES
C_Integer/Stroeder_15/PastaA1.c,2.327860117,3.106798172,5.535577059,1.480302095,1.271739006,YES,YES,MAYBE,YES,YES
C_Integer/Stroeder_15/PastaA10.c,5.797621965,12.49904799,8.715060949,1.438210964,1.450558901,YES,YES,YES,YES,YES
C_Integer/Stroeder_15/PastaA4.c,2.19231081,2.285717964,6.66847086,0.9030518532,0.8850409985,YES,YES,YES,YES,YES
C_Integer/Stroeder_15/PastaA5.c,1.799619913,2.32509613,6.330884933,0.8445351124,0.8994078636,YES,YES,YES,YES,YES
C_Integer/Stroeder_15/PastaA6.c,2.023575068,3.110553026,9.080104828,1.695214033,1.581599951,YES,YES,YES,YES,YES
C_Integer/Stroeder_15/PastaA7.c,2.076616049,3.139692783,6.434710979,0.8797700405,0.9544398785,YES,YES,YES,YES,YES
C_Integer/Stroeder_15/PastaA8.c,2.043323994,2.599256992,6.529441118,0.7176301479,0.7068948746,YES,YES,YES,YES,YES
C_Integer/Stroeder_15/PastaA9.c,9.630883932,2.714684963,7.575814962,0.855298996,0.8467509747,YES,YES,YES,YES,YES
C_Integer/Stroeder_15/PastaB1.c,1.85699296,2.274688005,6.785351992,0.701939106,0.7178089619,YES,YES,YES,YES,YES
C_Integer/Stroeder_15/PastaB11.c,2.99925518,5.783743143,7.631294012,1.040506125,1.053606987,YES,YES,YES,YES,YES
C_Integer/Stroeder_15/PastaB14.c,2.322067976,4.177103043,6.036178112,0.8622860909,0.8820309639,YES,YES,MAYBE,YES,YES
C_Integer/Stroeder_15/PastaB15.c,2.202087879,4.64349699,5.630887032,1.234961987,1.083563089,YES,YES,MAYBE,YES,YES
C_Integer/Stroeder_15/PastaB16.c,2.088021994,3.934760809,7.768326998,1.168701172,1.147001982,YES,YES,YES,YES,YES
C_Integer/Stroeder_15/PastaB17.c,2.195698023,4.801817894,7.752748013,2.610780954,2.598223925,YES,YES,YES,YES,YES
C_Integer/Stroeder_15/PastaB2.c,2.120046854,2.576550007,6.467581987,0.8722758293,0.8842029572,YES,YES,YES,YES,YES
C_Integer/Stroeder_15/PastaB3.c,3.412143946,2.427650929,6.883240938,1.01986599,0.8802859783,YES,YES,YES,YES,YES
C_Integer/Stroeder_15/PastaB4.c,1.959769011,2.107522964,11.69627213,0.8577511311,0.8755640984,YES,YES,YES,YES,YES
C_Integer/Stroeder_15/PastaB6.c,2.060692072,2.78926301,6.358226061,0.5728049278,0.7126998901,YES,YES,YES,YES,YES
C_Integer/Stroeder_15/PastaB7.c,2.101223946,3.155876875,6.81276989,0.8771378994,0.8939900398,YES,YES,YES,YES,YES
C_Integer/Stroeder_15/PastaC1.c,3.541233778,3.621464014,7.744240046,1.174552917,1.168278933,YES,YES,YES,YES,YES
C_Integer/Stroeder_15/PastaC10.c,11.06743789,89.61530495,5.591803074,2.012334824,1.997400045,NO,MAYBE,NO,NO,NO
C_Integer/Stroeder_15/PastaC2.c,2.260647774,4.426854134,5.636756897,1.191513062,1.13915205,YES,YES,MAYBE,YES,YES
C_Integer/Stroeder_15/PastaC3.c,2.358530045,3.959611177,8.52951479,1.448472023,1.832611799,YES,YES,YES,YES,YES
C_Integer/Stroeder_15/PastaC7.c,2.077199936,3.254621983,18.9813292,1.304194927,1.188678026,YES,YES,YES,YES,YES
C_Integer/Stroeder_15/PastaC9.c,2.932319164,9.23387599,8.17495513,0.9955730438,1.018031836,YES,YES,YES,YES,YES
C_Integer/Stroeder_15/Piecewise_true-termination.c,13.23228598,52.50219798,5.755419016,33.24557209,4.648932934,YES,YES,MAYBE,YES,YES
C_Integer/Stroeder_15/PlusSwap.c,1.99715209,3.072133064,9.538455009,2.157744884,3.492651939,YES,YES,YES,YES,YES
C_Integer/Stroeder_15/PodelskiRybalchenko-LICS2004-Fig1_true-termination.c,3.485985994,3.448359013,8.045717955,1.557198048,1.462085009,YES,YES,YES,YES,YES
C_Integer/Stroeder_15/PodelskiRybalchenko-LICS2004-Fig2-TACAS2011-Fig3_true-termination.c,22.61966896,34.35233998,301.065017,301.0693979,301.079092,YES,YES,TIMEOUT,MAYBE,MAYBE
C_Integer/Stroeder_15/PodelskiRybalchenko-TACAS2011-Fig1_true-termination.c,1.962677956,1.928569078,13.32561398,0.5744278431,0.5842859745,YES,YES,YES,YES,YES
C_Integer/Stroeder_15/PodelskiRybalchenko-TACAS2011-Fig2_true-termination.c,2.18275094,3.524374008,7.562357903,1.868595839,1.810950041,YES,YES,YES,YES,YES
C_Integer/Stroeder_15/PodelskiRybalchenko-TACAS2011-Fig4_true-termination.c,2.294616938,14.059376,7.674216032,1.028367043,1.003232956,YES,YES,YES,YES,YES
C_Integer/Stroeder_15/PodelskiRybalchenko-VMCAI2004-Ex1_true-termination.c,2.328511,6.586257935,55.93397808,1.439328909,1.474349976,YES,YES,YES,YES,YES
C_Integer/Stroeder_15/PodelskiRybalchenko-VMCAI2004-Ex2_true-termination.c,2.133625984,27.41933894,13.40809107,7.085860014,2.14548111,YES,MAYBE,MAYBE,YES,YES
C_Integer/Stroeder_15/Pure2Phase_true-termination.c,2.191524982,5.700911999,11.43344402,1.167715788,1.151386023,YES,YES,YES,YES,YES
C_Integer/Stroeder_15/Pure3Phase_true-termination.c,11.10100102,299.0683031,301.0480518,1.727541924,2.162822008,YES,MAYBE,TIMEOUT,YES,YES
C_Integer/Stroeder_15/Rotation180_false-termination.c,7.554432154,2.186753988,5.537685871,0.433868885,0.3022911549,NO,NO,NO,NO,NO
C_Integer/Stroeder_15/Sequence.c,1.996582985,2.223339081,7.127511024,1.032064915,1.02502799,YES,YES,YES,YES,YES
C_Integer/Stroeder_15/Stockholm_true-termination.c,3.305179119,3.086256981,9.642039061,0.7117519379,0.7255117893,YES,YES,YES,YES,YES
C_Integer/Stroeder_15/Sunset.c,10.5123632,138.0589201,10.50954103,17.32169914,11.30811095,NO,MAYBE,NO,NO,NO
C_Integer/Stroeder_15/svcomp_a.01.c,2.291016102,4.433795929,5.775990009,3.172408104,3.136258125,YES,YES,MAYBE,YES,YES
C_Integer/Stroeder_15/svcomp_a.04.c,2.07454896,2.537733078,6.579502821,1.292724133,1.281003952,YES,YES,YES,YES,YES
C_Integer/Stroeder_15/svcomp_a.05.c,2.016687155,2.672945976,6.765926123,1.313432932,1.299986124,YES,YES,YES,YES,YES
C_Integer/Stroeder_15/svcomp_a.06.c,2.075196028,3.479732037,9.237553835,6.113073111,5.485886097,YES,YES,YES,YES,YES
C_Integer/Stroeder_15/svcomp_a.07.c,2.082576036,3.436684132,7.182770967,1.496149063,1.474750042,YES,YES,YES,YES,YES
C_Integer/Stroeder_15/svcomp_a.08.c,2.004153013,3.13411808,6.568357944,1.446195126,1.453185081,YES,YES,YES,YES,YES
C_Integer/Stroeder_15/svcomp_a.09_assume.c,1.994716883,2.634716034,6.820689917,0.6995220184,0.6963160038,YES,YES,YES,YES,YES
C_Integer/Stroeder_15/svcomp_a.10.c,2.142579079,18.37151599,8.456332922,9.428199053,5.331923962,YES,YES,YES,YES,YES
C_Integer/Stroeder_15/svcomp_b.01.c,1.944466829,2.514433146,12.81364799,1.311044931,1.466810942,YES,YES,YES,YES,YES
C_Integer/Stroeder_15/svcomp_b.02.c,2.581828833,2.809484959,6.361930132,1.151281118,1.137751102,YES,YES,YES,YES,YES
C_Integer/Stroeder_15/svcomp_b.03-no-inv_assume.c,3.546491861,2.371608973,6.859519959,1.025854826,1.281463146,YES,YES,YES,YES,YES
C_Integer/Stroeder_15/svcomp_b.03_assume.c,3.063216209,2.508697987,6.519844055,0.7143480778,0.7009499073,YES,YES,YES,YES,YES
C_Integer/Stroeder_15/svcomp_b.04.c,1.93353796,2.358566999,10.933532,0.8534960747,0.8042957783,YES,YES,YES,YES,YES
C_Integer/Stroeder_15/svcomp_b.05.c,1.956502914,3.950683117,6.481241941,0.6018121243,0.5736629963,YES,YES,YES,YES,YES
C_Integer/Stroeder_15/svcomp_b.06.c,1.923239946,3.193994045,6.284539938,0.7241230011,0.7368588448,YES,YES,YES,YES,YES
C_Integer/Stroeder_15/svcomp_b.07.c,2.462379932,3.399111986,7.128808975,2.17188096,1.871068954,YES,YES,YES,YES,YES
C_Integer/Stroeder_15/svcomp_b.09-no-inv_assume.c,2.627831936,35.18235111,8.786314964,19.68175888,9.694535017,YES,YES,YES,YES,YES
C_Integer/Stroeder_15/svcomp_b.09_assume.c,2.388921976,3.888444901,6.821900845,0.8720769882,0.8863790035,YES,YES,YES,YES,YES
C_Integer/Stroeder_15/svcomp_b.10.c,2.323662996,6.330203056,7.781280041,1.192121983,1.042570829,YES,YES,YES,YES,YES
C_Integer/Stroeder_15/svcomp_b.11.c,2.587261915,8.0072999,8.007659197,1.890855789,1.888809919,YES,YES,YES,YES,YES
C_Integer/Stroeder_15/svcomp_b.12.c,3.03715992,19.63147306,7.582788944,1.177434921,1.134325981,YES,YES,YES,YES,YES
C_Integer/Stroeder_15/svcomp_b.13.c,3.296389103,26.79170108,8.651986122,9.935468197,6.909178972,YES,YES,YES,YES,YES
C_Integer/Stroeder_15/svcomp_b.14.c,2.367116928,5.083142996,5.876525164,1.125301123,1.138929129,YES,YES,MAYBE,YES,YES
C_Integer/Stroeder_15/svcomp_b.15.c,2.066143036,5.538432121,5.574892998,3.291521072,3.296777964,YES,YES,MAYBE,YES,YES
C_Integer/Stroeder_15/svcomp_b.16.c,2.430602074,5.50135994,7.810022116,1.108345032,1.087719917,YES,YES,YES,YES,YES
C_Integer/Stroeder_15/svcomp_b.17.c,2.290430069,6.401849031,7.99623394,12.92976809,4.225377083,YES,YES,YES,YES,YES
C_Integer/Stroeder_15/svcomp_b.18.c,2.969616175,6.641177893,5.458614111,68.58069205,301.0564971,YES,YES,MAYBE,YES,MAYBE
C_Integer/Stroeder_15/svcomp_c.01-no-inv.c,3.55616188,39.13208699,7.540596008,301.073096,301.093225,YES,YES,YES,MAYBE,MAYBE
C_Integer/Stroeder_15/svcomp_c.01_assume.c,3.214839935,5.879848003,5.626070976,1.161708117,1.017352104,YES,YES,MAYBE,YES,YES
C_Integer/Stroeder_15/svcomp_c.02.c,2.309628963,6.824347973,7.261655092,3.237069845,3.024623156,YES,YES,YES,YES,YES
C_Integer/Stroeder_15/svcomp_c.03.c,2.428612947,4.614215136,9.352367878,9.783630133,9.648633957,YES,YES,YES,YES,YES
C_Integer/Stroeder_15/svcomp_c.07.c,2.187320948,4.236038208,18.40659881,20.06232286,301.0746601,YES,YES,YES,YES,MAYBE
C_Integer/Stroeder_15/svcomp_c.08.c,2.43185997,4.649025917,8.640682936,2.416122913,2.279261827,YES,YES,YES,YES,YES
C_Integer/Stroeder_15/svcomp_easySum.c,1.8550632,2.479460001,6.67478919,1.502129078,1.447339058,YES,YES,YES,YES,YES
C_Integer/Stroeder_15/svcomp_ex1.c,1.838289022,2.439363956,6.881989002,0.7316148281,0.7351198196,YES,YES,YES,YES,YES
C_Integer/Stroeder_15/svcomp_ex2.c,9.590615988,299.069042,20.75995708,13.49286914,18.39748216,YES,MAYBE,MAYBE,YES,YES
C_Integer/Stroeder_15/svcomp_ex3a.c,2.05794096,28.9201901,34.57704616,237.8726571,227.3851759,YES,MAYBE,MAYBE,YES,YES
C_Integer/Stroeder_15/svcomp_ex3b.c,2.066644907,34.15628982,18.16384602,0.8538119793,0.8779420853,YES,MAYBE,MAYBE,YES,YES
C_Integer/Stroeder_15/svcomp_fermat.c,4.129788876,164.0856559,94.09744406,301.058517,301.0714231,YES,YES,YES,MAYBE,MAYBE
C_Integer/Stroeder_15/svcomp_flag.c,2.520368099,8.465764999,7.121580124,44.10494494,22.94028592,YES,YES,YES,YES,YES
C_Integer/Stroeder_15/svcomp_java_AG313.c,7.500928879,3.177922964,7.401650906,0.7094800472,0.7307760715,YES,YES,YES,YES,YES
C_Integer/Stroeder_15/svcomp_java_Break.c,1.904867888,1.879554033,6.425286055,2.315598011,2.332199812,YES,YES,YES,YES,YES
C_Integer/Stroeder_15/svcomp_java_Continue1.c,2.149343967,2.103007793,6.419131041,5.20585084,5.349664927,YES,YES,YES,YES,YES
C_Integer/Stroeder_15/svcomp_java_Nested.c,2.410587072,3.306869984,5.61944294,301.05213,301.0788851,YES,YES,MAYBE,MAYBE,MAYBE
C_Integer/Stroeder_15/svcomp_java_Sequence.c,2.145548821,2.882570028,7.244771957,80.53895402,78.43334293,YES,YES,YES,YES,YES
C_Integer/Stroeder_15/Swingers.c,9.276750088,22.46224999,21.2109859,0.7050459385,0.7168571949,NO,MAYBE,MAYBE,NO,NO
C_Integer/Stroeder_15/TelAviv-Amir-Minimum_true-termination.c,301.042676,33.93384504,12.39541292,21.1759901,301.0756381,TIMEOUT,MAYBE,YES,YES,MAYBE
C_Integer/Stroeder_15/Thun_true-termination.c,2.398528099,2.852085829,6.711080074,0.8853218555,0.8909070492,YES,YES,YES,YES,YES
C_Integer/Stroeder_15/Toulouse-BranchesToLoop_true-termination.c,5.388110876,29.57879901,9.660919189,301.0630109,301.0194161,YES,YES,YES,MAYBE,MAYBE
C_Integer/Stroeder_15/Toulouse-MultiBranchesToLoop_true-termination.c,6.245803118,152.0010941,5.740092993,301.060822,301.0657001,YES,YES,MAYBE,MAYBE,MAYBE
C_Integer/Stroeder_15/TrueDiv.c,7.865316153,2.250987053,6.268733025,0.4426131248,0.2989869118,NO,NO,NO,NO,NO
C_Integer/Stroeder_15/TwoFloatInterv.c,4.097306967,14.30295491,5.881067038,1.168541908,1.132335901,NO,NO,MAYBE,NO,NO
C_Integer/Stroeder_15/UpAndDown.c,142.7041039,299.062114,5.674345016,5.200484037,32.35971308,NO,MAYBE,MAYBE,NO,NO
C_Integer/Stroeder_15/UpAndDownIneq.c,28.02754307,299.051481,61.29599881,9.020370007,33.34787107,NO,MAYBE,NO,NO,NO
C_Integer/Stroeder_15/Urban-WST2013-Fig1_false-termination.c,3.011430025,3.176882982,6.815736055,0.7609980106,0.5524611473,NO,NO,NO,NO,NO
C_Integer/Stroeder_15/Urban-WST2013-Fig2-modified1000_true-termination.c,2.26465106,3.721725941,5.799054861,1.84723711,1.805538177,YES,YES,MAYBE,YES,YES
C_Integer/Stroeder_15/Urban-WST2013-Fig2_true-termination.c,2.407815933,3.718214035,5.566557884,2.857312918,2.843631983,YES,YES,MAYBE,YES,YES
C_Integer/Stroeder_15/UrbanMine-ESOP2014-Fig3_true-termination.c,31.09372497,246.1876459,5.527402878,64.89834714,301.04357,YES,YES,MAYBE,YES,MAYBE
C_Integer/Stroeder_15/Velroyen_false-termination.c,3.478478909,8.750167847,11.64757705,1.003046036,0.9967420101,NO,NO,MAYBE,NO,NO
C_Integer/Stroeder_15/Waldkirch_true-termination.c,1.844515085,1.517934084,8.164156914,0.549890995,0.5936779976,YES,YES,YES,YES,YES
C_Integer/Stroeder_15/WhileDecr.c,2.414635181,1.986212015,6.417682886,0.507789135,0.5081889629,YES,YES,YES,YES,YES
C_Integer/Stroeder_15/WhileFalse_true-termination.c,1.83697319,0.8291311264,5.184313059,0.2896118164,0.1616258621,YES,YES,YES,YES,YES
C_Integer/Stroeder_15/WhileIncr.c,2.49772501,2.328638077,6.091414213,1.085952997,0.6763520241,NO,NO,NO,NO,NO
C_Integer/Stroeder_15/WhileIncrPart.c,3.150240898,3.331274986,7.573563814,2.424457073,2.270994902,NO,NO,NO,NO,NO
C_Integer/Stroeder_15/WhileNested.c,3.213973999,3.827911854,7.380154848,2.208245039,3.170829058,NO,NO,NO,NO,NO
C_Integer/Stroeder_15/WhileNestedOffset.c,3.534142971,3.954128027,7.348618031,2.348137856,301.0514898,NO,NO,NO,NO,MAYBE
C_Integer/Stroeder_15/WhilePart.c,2.956409931,3.133357048,5.45853281,0.7038168907,0.5944950581,NO,NO,NO,NO,NO
C_Integer/Stroeder_15/WhileSingle.c,2.842347145,3.907405138,7.514236927,0.5801460743,0.5832750797,NO,NO,NO,NO,NO
C_Integer/Stroeder_15/WhileTrue.c,2.651906013,1.667101145,7.249019861,0.4064559937,0.2817008495,NO,NO,NO,NO,NO
C_Integer/Stroeder_15/WhileTrue_false-termination.c,2.730787039,1.111028194,11.63422799,0.2896900177,0.2925858498,NO,NO,NO,NO,NO